frame_index,video_time_seconds,inference_ms,raw_detection_count,duplicate_boxes_removed,before_counted,after_counted,before_ignored,after_ignored,before_max_density,after_max_density,boundary_status_overrides
0,0.0,831.167,2,0,2,2,0,0,1.0,1.0,0
30,1.0,536.015,2,0,2,2,0,0,1.0,1.0,0
60,2.0,460.526,2,0,2,2,0,0,1.0,1.0,0
90,3.0,449.878,2,0,2,2,0,0,1.1765,1.1765,0
120,4.0,391.978,2,0,2,2,0,0,1.1765,1.1765,0
150,5.0,402.168,2,0,2,2,0,0,1.1765,1.1765,0
180,6.0,367.771,2,0,2,2,0,0,1.1765,1.1765,0
210,7.0,499.085,2,0,2,2,0,0,1.1765,1.1765,0
240,8.0,587.364,2,0,2,2,0,0,1.0,1.0,0
270,9.0,1394.544,2,0,2,2,0,0,1.0,1.0,0
300,10.0,1188.243,2,0,2,2,0,0,1.0,1.0,0
330,11.0,628.283,2,0,2,2,0,0,1.0,1.0,0
360,12.0,1317.946,2,0,2,2,0,0,1.0,1.0,0
390,13.0,517.819,3,0,2,2,1,1,1.0,1.0,0
420,14.0,421.059,3,0,2,2,1,1,1.0,1.0,0
450,15.0,472.168,3,0,2,2,1,1,1.0,1.0,0
480,16.0,570.823,3,0,2,2,1,1,1.0,1.0,0
510,17.0,534.855,3,0,3,2,0,1,1.0,1.0,1
540,18.0,633.783,3,0,3,3,0,0,1.0,1.0,0
570,19.0,533.642,3,0,3,3,0,0,1.0,1.0,0
600,20.0,479.528,3,0,3,3,0,0,1.0,1.0,0
630,21.0,473.463,3,0,3,3,0,0,1.0,1.0,0
660,22.0,547.24,3,0,3,3,0,0,1.0,1.0,0
690,23.0,537.722,3,0,3,3,0,0,1.0,1.0,0
720,24.0,415.006,3,0,3,3,0,0,1.0,1.0,0
750,25.0,354.415,3,0,3,3,0,0,1.0,1.0,0
780,26.0,445.197,3,0,3,3,0,0,1.0,1.0,0
810,27.0,427.075,3,0,3,3,0,0,1.0,1.0,0
840,28.0,366.987,3,0,3,3,0,0,1.0,1.0,0
870,29.0,407.544,3,0,3,3,0,0,1.0,1.0,0
900,30.0,499.944,3,0,3,3,0,0,1.0,1.0,0
930,31.0,455.634,3,0,3,3,0,0,2.0,2.0,0
960,32.0,561.498,3,0,3,3,0,0,2.0,2.0,0
990,33.0,495.529,3,0,3,3,0,0,2.0,2.0,0
1020,34.0,566.865,3,0,3,3,0,0,2.0,2.0,0
1050,35.0,576.343,3,0,3,3,0,0,2.0,2.0,0
1080,36.0,609.192,3,0,3,3,0,0,2.0,2.0,0
1110,37.0,543.82,3,0,3,3,0,0,2.0,2.0,0
1140,38.0,478.612,3,0,3,3,0,0,2.0,2.0,0
1170,39.0,630.436,3,0,3,3,0,0,2.0,2.0,0
1200,40.0,542.24,3,0,3,3,0,0,2.0,2.0,0
1230,41.0,581.317,3,0,3,3,0,0,2.0,2.0,0
1260,42.0,529.136,3,0,3,3,0,0,2.0,2.0,0
1290,43.0,459.773,3,0,3,3,0,0,1.0,1.0,0
1320,44.0,474.929,2,0,2,2,0,0,1.0,1.0,0
1350,45.0,473.563,3,0,3,3,0,0,2.0,2.0,0
1380,46.0,430.231,3,0,3,3,0,0,1.0,1.0,0
1410,47.0,479.794,3,0,3,3,0,0,1.0,1.0,0
1440,48.0,580.016,3,0,3,3,0,0,1.0,1.0,0
1470,49.0,669.034,3,0,3,3,0,0,2.0,2.0,0
1500,50.0,656.691,3,0,3,3,0,0,2.0,2.0,0
1530,51.0,770.735,3,0,3,3,0,0,2.0,2.0,0
1560,52.0,1071.652,3,0,3,3,0,0,2.0,2.0,0
1590,53.0,880.697,3,0,3,3,0,0,2.0,2.0,0
1620,54.0,702.23,3,0,3,3,0,0,2.0,2.0,0
1650,55.0,726.961,3,0,3,3,0,0,2.0,2.0,0
1680,56.0,717.858,2,0,2,2,0,0,1.0,1.0,0
1710,57.0,543.148,2,0,2,2,0,0,2.0,2.0,0
1740,58.0,518.306,3,0,3,3,0,0,1.0,1.0,0
1770,59.0,582.872,3,0,3,3,0,0,1.0,1.0,0
1800,60.0,584.029,3,0,3,3,0,0,1.0,1.0,0
1830,61.0,536.886,3,0,3,3,0,0,1.0,1.0,0
1860,62.0,459.042,3,0,3,3,0,0,1.0,1.0,0
1890,63.0,461.413,3,0,3,3,0,0,1.0,1.0,0
1920,64.0,521.193,3,0,3,3,0,0,1.0,1.0,0
1950,65.0,589.006,3,0,3,3,0,0,1.0,1.0,0
1980,66.0,566.338,3,0,3,3,0,0,1.0,1.0,0
2010,67.0,471.286,3,0,3,3,0,0,1.0,1.0,0
2040,68.0,726.337,3,0,3,3,0,0,1.0,1.0,0
2070,69.0,503.452,3,0,3,3,0,0,1.0,1.0,0
2100,70.0,505.214,2,0,2,2,0,0,2.0,2.0,0
2130,71.0,544.777,2,0,2,2,0,0,2.0,2.0,0
2160,72.0,484.067,2,0,2,2,0,0,2.0,2.0,0
2190,73.0,585.528,3,0,3,3,0,0,2.0,2.0,0
2220,74.0,463.062,3,0,3,3,0,0,1.0,1.0,0
2250,75.0,532.516,4,0,4,4,0,0,2.0,2.0,0
2280,76.0,599.962,3,0,3,3,0,0,1.0,1.0,0
2310,77.0,582.559,3,0,3,3,0,0,2.0,2.0,0
2340,78.0,626.169,3,0,3,3,0,0,1.0,1.0,0
2370,79.0,522.205,4,0,4,4,0,0,3.0,3.0,0
2400,80.0,496.213,3,0,3,3,0,0,1.0,1.0,0
2430,81.0,605.778,2,0,2,2,0,0,1.0,1.0,0
2460,82.0,599.894,3,0,3,3,0,0,1.0,1.0,0
2490,83.0,554.216,3,0,3,3,0,0,1.0,1.0,0
2520,84.0,515.726,3,0,3,3,0,0,1.0,1.0,0
2550,85.0,445.946,3,0,3,3,0,0,1.0,1.0,0
2580,86.0,608.564,3,0,3,3,0,0,1.0,1.0,0
2610,87.0,538.593,3,0,3,3,0,0,1.0,1.0,0
2640,88.0,613.723,3,0,3,3,0,0,1.0,1.0,0
2670,89.0,521.692,3,0,3,3,0,0,1.0,1.0,0
2700,90.0,553.296,3,0,3,3,0,0,1.0,1.0,0
2730,91.0,512.218,3,0,3,3,0,0,1.0,1.0,0
2760,92.0,498.472,3,0,3,3,0,0,1.0,1.0,0
2790,93.0,554.29,3,0,3,3,0,0,1.0,1.0,0
2820,94.0,536.857,3,0,3,3,0,0,1.0,1.0,0
2850,95.0,901.899,3,0,3,3,0,0,1.0,1.0,0
2880,96.0,953.362,3,0,3,3,0,0,1.0,1.0,0
2910,97.0,1275.864,3,0,3,3,0,0,2.0,2.0,0
2940,98.0,967.468,3,0,3,3,0,0,3.0,3.0,0
2970,99.0,639.011,2,0,2,2,0,0,1.0,1.0,0
3000,100.0,572.277,2,0,2,2,0,0,1.0,1.0,0
3030,101.0,708.62,2,0,2,2,0,0,1.0,1.0,0
3060,102.0,659.931,2,0,2,2,0,0,1.0,1.0,0
3090,103.0,549.012,2,0,2,2,0,0,1.0,1.0,0
3120,104.0,497.211,1,0,1,1,0,0,1.0,1.0,0
3150,105.0,449.639,1,0,1,1,0,0,1.0,1.0,0
3180,106.0,602.916,3,0,3,3,0,0,2.0,2.0,0
3210,107.0,524.917,3,0,3,3,0,0,3.0,3.0,0
3240,108.0,624.15,2,0,2,2,0,0,1.0,1.0,0
3270,109.0,470.436,2,0,2,2,0,0,2.0,2.0,0
3300,110.0,565.351,3,0,3,3,0,0,1.0,1.0,0
3330,111.0,536.654,2,0,2,2,0,0,1.0,1.0,0
3360,112.0,517.815,2,0,2,2,0,0,1.0,1.0,0
3390,113.0,641.214,2,0,2,2,0,0,1.0,1.0,0
3420,114.0,568.462,2,0,2,2,0,0,1.0,1.0,0
3450,115.0,582.073,2,0,2,2,0,0,1.0,1.0,0
3480,116.0,520.053,2,0,2,2,0,0,1.0,1.0,0
3510,117.0,492.356,2,0,2,2,0,0,1.0,1.0,0
3540,118.0,780.534,3,0,3,3,0,0,2.0,2.0,0
3570,119.0,1394.586,3,0,3,3,0,0,1.0,1.0,0
3600,120.0,1129.098,3,0,3,3,0,0,1.0,1.0,0
3630,121.0,1078.781,3,0,3,3,0,0,2.0,2.0,0
3660,122.0,887.742,3,0,3,3,0,0,1.0,1.0,0
3690,123.0,684.974,3,0,3,3,0,0,2.0,2.0,0
3720,124.0,555.144,3,0,3,3,0,0,1.0,1.0,0
3750,125.0,649.119,3,0,3,3,0,0,1.0,1.0,0
3780,126.0,597.506,3,0,3,3,0,0,2.0,2.0,0
3810,127.0,601.183,3,0,3,3,0,0,1.0,1.0,0
3840,128.0,535.382,2,0,2,2,0,0,1.0,1.0,0
3870,129.0,585.59,1,0,1,1,0,0,1.0,1.0,0
3900,130.0,612.33,2,1,2,1,0,0,1.0,1.0,0
3930,131.0,440.66,0,0,0,0,0,0,0.0,0.0,0
3960,132.0,440.824,0,0,0,0,0,0,0.0,0.0,0
3990,133.0,420.435,3,0,3,3,0,0,2.0,2.0,0
4020,134.0,515.433,3,0,3,3,0,0,2.0,2.0,0
4050,135.0,486.254,3,0,3,3,0,0,1.1765,1.1765,0
4080,136.0,623.186,3,0,3,3,0,0,1.1765,1.1765,0
4110,137.0,547.447,3,0,3,3,0,0,1.1765,1.1765,0
4140,138.0,645.016,3,0,3,3,0,0,1.1765,1.1765,0
4170,139.0,594.448,3,0,3,3,0,0,1.1765,1.1765,0
4200,140.0,877.782,3,0,3,3,0,0,2.0,2.0,0
4230,141.0,654.934,3,0,3,3,0,0,2.0,2.0,0
4260,142.0,614.857,3,0,3,3,0,0,2.0,2.0,0
4290,143.0,523.345,3,0,3,3,0,0,2.0,2.0,0
4320,144.0,481.266,3,0,3,3,0,0,1.0,1.0,0
4350,145.0,540.964,3,0,3,3,0,0,2.0,2.0,0
4380,146.0,646.4,3,0,3,3,0,0,2.0,2.0,0
4410,147.0,759.901,3,0,3,3,0,0,2.0,2.0,0
4440,148.0,561.399,3,0,3,3,0,0,1.0,1.0,0
4470,149.0,479.894,3,0,3,3,0,0,2.0,2.0,0
4500,150.0,593.376,3,0,3,3,0,0,2.0,2.0,0
4530,151.0,529.242,2,0,2,2,0,0,2.0,2.0,0
4560,152.0,777.785,2,0,2,2,0,0,1.0,1.0,0
4590,153.0,820.388,3,0,3,3,0,0,1.0,1.0,0
4620,154.0,705.274,2,0,2,2,0,0,1.0,1.0,0
4650,155.0,640.324,2,0,2,2,0,0,2.0,2.0,0
4680,156.0,526.591,2,0,2,2,0,0,1.0,1.0,0
4710,157.0,738.767,2,0,2,2,0,0,2.0,2.0,0
4740,158.0,613.354,2,0,2,2,0,0,2.0,2.0,0
4770,159.0,793.617,2,0,2,2,0,0,2.0,2.0,0
4800,160.0,845.264,2,0,2,2,0,0,1.0,1.0,0
4830,161.0,531.817,2,0,2,2,0,0,1.0,1.0,0
4860,162.0,616.671,2,0,2,2,0,0,1.0,1.0,0
4890,163.0,620.111,2,0,2,2,0,0,1.0,1.0,0
4920,164.0,538.276,3,0,3,3,0,0,2.0,2.0,0
4950,165.0,515.274,3,0,3,3,0,0,2.0,2.0,0
4980,166.0,491.976,3,0,3,3,0,0,2.0,2.0,0
5010,167.0,580.937,3,0,3,3,0,0,2.0,2.0,0
5040,168.0,600.022,3,0,3,3,0,0,2.0,2.0,0
5070,169.0,548.491,3,0,3,3,0,0,2.0,2.0,0
5100,170.0,534.419,3,0,3,3,0,0,2.0,2.0,0
5130,171.0,619.123,3,0,3,3,0,0,2.0,2.0,0
5160,172.0,497.561,2,0,2,2,0,0,1.0,1.0,0
5190,173.0,505.618,2,0,2,2,0,0,2.0,2.0,0
5220,174.0,597.731,2,0,2,2,0,0,2.0,2.0,0
5250,175.0,621.315,3,0,3,3,0,0,2.0,2.0,0
5280,176.0,633.333,3,0,3,3,0,0,2.0,2.0,0
5310,177.0,750.356,3,0,3,3,0,0,2.0,2.0,0
5340,178.0,847.821,3,0,3,3,0,0,1.0,1.0,0
5370,179.0,748.83,3,0,3,3,0,0,2.0,2.0,0
5400,180.0,807.569,3,0,3,3,0,0,2.0,2.0,0
5430,181.0,592.188,3,0,3,3,0,0,1.0,1.0,0
5460,182.0,560.894,2,0,2,2,0,0,2.0,2.0,0
5490,183.0,579.594,3,0,3,3,0,0,2.0,2.0,0
5520,184.0,605.668,3,0,3,3,0,0,2.0,2.0,0
5550,185.0,504.589,2,0,2,2,0,0,2.0,2.0,0
5580,186.0,565.063,2,0,2,2,0,0,2.0,2.0,0
5610,187.0,456.776,2,0,2,2,0,0,2.0,2.0,0
5640,188.0,643.453,2,0,2,2,0,0,2.0,2.0,0
5670,189.0,576.937,2,0,2,2,0,0,1.0,1.0,0
5700,190.0,596.861,2,0,2,2,0,0,1.0,1.0,0
5730,191.0,496.541,2,0,2,2,0,0,1.0,1.0,0
5760,192.0,662.824,2,0,2,2,0,0,1.0,1.0,0
5790,193.0,511.436,3,0,3,3,0,0,1.0,1.0,0
5820,194.0,543.58,3,0,3,3,0,0,1.0,1.0,0
5850,195.0,617.607,3,0,3,3,0,0,1.0,1.0,0
5880,196.0,611.904,2,0,2,2,0,0,1.0,1.0,0
5910,197.0,641.659,3,0,3,3,0,0,2.0,2.0,0
5940,198.0,536.099,3,0,3,3,0,0,2.0,2.0,0
5970,199.0,501.898,2,0,2,2,0,0,1.0,1.0,0
6000,200.0,612.551,2,0,2,2,0,0,1.0,1.0,0
6030,201.0,588.16,2,0,2,2,0,0,1.0,1.0,0
6060,202.0,589.063,3,0,3,3,0,0,1.0,1.0,0
6090,203.0,530.011,2,0,2,2,0,0,1.0,1.0,0
6120,204.0,481.393,3,0,3,3,0,0,2.0,2.0,0
6150,205.0,608.573,3,0,3,3,0,0,1.0,1.0,0
6180,206.0,594.909,3,0,3,3,0,0,1.0,1.0,0
6210,207.0,627.26,3,0,3,3,0,0,2.0,2.0,0
6240,208.0,544.44,3,0,3,3,0,0,2.0,2.0,0
6270,209.0,473.992,3,0,3,3,0,0,2.0,2.0,0
6300,210.0,644.517,2,0,2,2,0,0,1.0,1.0,0
6330,211.0,578.279,2,0,2,2,0,0,1.0,1.0,0
6360,212.0,645.554,3,0,3,3,0,0,2.0,2.0,0
6390,213.0,513.951,2,0,2,2,0,0,1.0,1.0,0
6420,214.0,617.483,2,0,2,2,0,0,1.0,1.0,0
6450,215.0,579.922,3,0,3,3,0,0,1.0,1.0,0
6480,216.0,556.72,3,0,3,3,0,0,1.0,1.0,0
6510,217.0,685.54,3,0,3,3,0,0,2.0,2.0,0
6540,218.0,595.286,2,0,2,2,0,0,1.0,1.0,0
6570,219.0,947.498,3,0,3,3,0,0,2.0,2.0,0
6600,220.0,813.321,3,0,3,3,0,0,2.0,2.0,0
6630,221.0,792.626,3,0,3,3,0,0,1.0,1.0,0
6660,222.0,889.737,3,0,3,3,0,0,1.0,1.0,0
6690,223.0,600.971,3,0,3,3,0,0,2.0,2.0,0
6720,224.0,585.727,3,0,3,3,0,0,1.0,1.0,0
6750,225.0,662.813,3,0,3,3,0,0,2.0,2.0,0
6780,226.0,636.726,3,0,3,3,0,0,2.0,2.0,0
6810,227.0,691.45,3,0,3,3,0,0,1.1765,1.1765,0
6840,228.0,505.692,3,0,3,3,0,0,1.1765,1.1765,0
6870,229.0,499.871,3,0,3,3,0,0,1.1765,1.1765,0
6900,230.0,571.677,3,0,3,3,0,0,1.1765,1.1765,0
6930,231.0,612.059,3,0,3,3,0,0,1.1765,1.1765,0
6960,232.0,675.42,3,0,3,3,0,0,1.1765,1.1765,0
6990,233.0,536.08,3,0,3,3,0,0,1.1765,1.1765,0
7020,234.0,617.239,3,0,3,3,0,0,1.1765,1.1765,0
7050,235.0,739.583,3,0,3,3,0,0,1.0,1.0,0
7080,236.0,556.961,3,0,3,3,0,0,2.0,2.0,0
7110,237.0,523.299,2,0,2,2,0,0,1.0,1.0,0
7140,238.0,481.436,2,0,2,2,0,0,1.0,1.0,0
7170,239.0,456.24,2,0,2,2,0,0,1.0,1.0,0
7200,240.0,463.666,2,0,2,2,0,0,1.0,1.0,0
7230,241.0,455.177,2,0,2,2,0,0,1.0,1.0,0
7260,242.0,460.481,2,0,2,2,0,0,1.0,1.0,0
7290,243.0,460.022,3,0,3,3,0,0,1.0,1.0,0
7320,244.0,466.663,2,0,2,2,0,0,1.0,1.0,0
7350,245.0,484.662,2,0,2,2,0,0,1.0,1.0,0
7380,246.0,462.416,2,0,2,2,0,0,1.0,1.0,0
7410,247.0,480.707,3,0,3,3,0,0,1.0,1.0,0
7440,248.0,460.541,2,0,2,2,0,0,1.0,1.0,0
7470,249.0,496.855,2,0,2,2,0,0,1.0,1.0,0
7500,250.0,473.43,2,0,2,2,0,0,1.0,1.0,0
7530,251.0,473.522,2,0,2,2,0,0,1.0,1.0,0
7560,252.0,480.936,2,0,2,2,0,0,1.1765,1.1765,0
7590,253.0,487.116,3,0,3,3,0,0,1.0,1.0,0
7620,254.0,468.64,3,0,3,3,0,0,1.0,1.0,0
7650,255.0,522.55,3,0,3,3,0,0,1.0,1.0,0
7680,256.0,531.631,3,0,3,3,0,0,1.0,1.0,0
7710,257.0,516.021,3,0,3,3,0,0,1.0,1.0,0
7740,258.0,573.718,3,0,3,3,0,0,1.0,1.0,0
7770,259.0,1320.541,3,0,3,3,0,0,1.0,1.0,0
7800,260.0,475.032,3,0,3,3,0,0,1.0,1.0,0
7830,261.0,478.052,3,0,3,3,0,0,1.0,1.0,0
7860,262.0,486.737,3,0,3,3,0,0,1.0,1.0,0
7890,263.0,584.709,3,0,3,3,0,0,2.0,2.0,0
7920,264.0,666.432,3,0,3,3,0,0,1.0,1.0,0
7950,265.0,706.89,3,0,3,3,0,0,1.0,1.0,0
7980,266.0,616.707,3,0,3,3,0,0,1.0,1.0,0
8010,267.0,573.916,3,0,3,3,0,0,1.0,1.0,0
8040,268.0,498.306,3,0,3,3,0,0,1.0,1.0,0
8070,269.0,480.033,3,0,3,3,0,0,1.0,1.0,0
8100,270.0,492.898,3,0,3,3,0,0,1.0,1.0,0
8130,271.0,483.721,3,0,3,3,0,0,1.0,1.0,0
8160,272.0,470.859,3,0,3,3,0,0,1.0,1.0,0
8190,273.0,541.2,3,0,3,3,0,0,1.0,1.0,0
8220,274.0,475.401,3,0,3,3,0,0,1.0,1.0,0
8250,275.0,483.079,3,0,3,3,0,0,1.0,1.0,0
8280,276.0,470.083,3,0,3,3,0,0,1.0,1.0,0
8310,277.0,464.197,3,0,3,3,0,0,1.0,1.0,0
8340,278.0,469.09,3,0,3,3,0,0,1.0,1.0,0
8370,279.0,470.204,3,0,3,3,0,0,1.0,1.0,0
8400,280.0,488.357,3,0,3,3,0,0,1.0,1.0,0
8430,281.0,473.421,3,0,3,3,0,0,1.0,1.0,0
8460,282.0,529.576,3,0,3,3,0,0,1.0,1.0,0
8490,283.0,472.639,3,0,3,3,0,0,2.0,2.0,0
8520,284.0,472.943,3,0,3,3,0,0,2.0,2.0,0
8550,285.0,467.01,3,0,3,3,0,0,2.0,2.0,0
8580,286.0,472.146,3,0,3,3,0,0,2.0,2.0,0
8610,287.0,468.603,4,0,4,4,0,0,3.0,3.0,0
8640,288.0,477.081,2,0,2,2,0,0,1.0,1.0,0
8670,289.0,475.655,3,0,3,3,0,0,2.0,2.0,0
8700,290.0,479.238,2,0,2,2,0,0,1.0,1.0,0
8730,291.0,479.727,2,0,2,2,0,0,1.0,1.0,0
8760,292.0,477.363,2,0,2,2,0,0,1.0,1.0,0
8790,293.0,526.012,2,0,2,2,0,0,1.0,1.0,0
8820,294.0,468.318,3,0,3,3,0,0,1.0,1.0,0
8850,295.0,470.267,3,0,3,3,0,0,1.0,1.0,0
8880,296.0,484.069,4,0,4,4,0,0,2.0,2.0,0
8910,297.0,479.841,3,0,3,3,0,0,2.0,2.0,0
8940,298.0,479.349,3,0,3,3,0,0,1.0,1.0,0
8970,299.0,472.1,3,0,3,3,0,0,1.0,1.0,0
9000,300.0,517.516,3,0,3,3,0,0,1.1765,1.1765,0
9030,301.0,480.516,3,0,3,3,0,0,1.1765,1.1765,0
9060,302.0,481.165,3,0,3,3,0,0,1.1765,1.1765,0
9090,303.0,485.165,3,0,3,3,0,0,1.1765,1.1765,0
9120,304.0,473.414,3,0,3,3,0,0,1.1765,1.1765,0
9150,305.0,481.662,3,0,3,3,0,0,1.1765,1.1765,0
9180,306.0,478.278,3,0,3,3,0,0,1.1765,1.1765,0
9210,307.0,480.627,3,0,3,3,0,0,1.1765,1.1765,0
9240,308.0,482.504,3,0,3,3,0,0,1.1765,1.1765,0
9270,309.0,475.403,3,0,3,3,0,0,1.0,1.0,0
9300,310.0,492.072,2,0,2,2,0,0,1.0,1.0,0
9330,311.0,498.968,4,0,4,4,0,0,3.0,3.0,0
9360,312.0,611.795,3,0,3,3,0,0,1.0,1.0,0
9390,313.0,725.455,3,0,3,3,0,0,1.0,1.0,0
9420,314.0,683.341,3,0,3,3,0,0,2.0,2.0,0
9450,315.0,650.501,3,0,3,3,0,0,2.0,2.0,0
9480,316.0,586.394,3,0,3,3,0,0,1.0,1.0,0
9510,317.0,539.152,3,0,3,3,0,0,1.0,1.0,0
9540,318.0,524.388,3,0,3,3,0,0,2.0,2.0,0
9570,319.0,530.494,3,0,3,3,0,0,2.0,2.0,0
9600,320.0,511.64,3,0,3,3,0,0,1.0,1.0,0
9630,321.0,648.36,3,0,3,3,0,0,1.0,1.0,0
9660,322.0,624.731,3,0,3,3,0,0,1.0,1.0,0
9690,323.0,598.235,3,0,3,3,0,0,1.1765,1.1765,0
9720,324.0,629.466,3,0,3,3,0,0,1.1765,1.1765,0
9750,325.0,625.075,3,0,3,3,0,0,1.1765,1.1765,0
9780,326.0,519.732,3,0,3,3,0,0,1.1765,1.1765,0
9810,327.0,517.059,3,0,3,3,0,0,1.1765,1.1765,0
9840,328.0,507.089,3,0,3,3,0,0,1.1765,1.1765,0
9870,329.0,508.584,4,1,4,3,0,0,2.0,1.1765,0
9900,330.0,652.825,3,0,3,3,0,0,1.1765,1.1765,0
9930,331.0,528.372,3,0,3,3,0,0,1.1765,1.1765,0
9960,332.0,504.202,3,0,3,3,0,0,1.1765,1.1765,0
9990,333.0,529.756,3,0,3,3,0,0,1.1765,1.1765,0
10020,334.0,514.092,3,0,3,3,0,0,1.1765,1.1765,0
10050,335.0,508.47,3,0,3,3,0,0,1.1765,1.1765,0
10080,336.0,518.17,3,0,3,3,0,0,1.1765,1.1765,0
10110,337.0,524.186,3,0,3,3,0,0,1.1765,1.1765,0
10140,338.0,523.154,3,0,3,3,0,0,1.1765,1.1765,0
10170,339.0,517.12,3,0,3,3,0,0,1.1765,1.1765,0
10200,340.0,516.431,3,0,3,3,0,0,1.1765,1.1765,0
10230,341.0,514.67,3,0,3,3,0,0,1.1765,1.1765,0
10260,342.0,539.99,3,0,3,3,0,0,1.1765,1.1765,0
10290,343.0,685.224,3,0,3,3,0,0,1.1765,1.1765,0
10320,344.0,626.367,3,0,3,3,0,0,1.1765,1.1765,0
10350,345.0,703.171,3,0,3,3,0,0,1.1765,1.1765,0
10380,346.0,645.625,3,0,3,3,0,0,1.1765,1.1765,0
10410,347.0,847.96,3,0,3,3,0,0,1.1765,1.1765,0
10440,348.0,1135.453,3,0,3,3,0,0,1.0,1.0,0
10470,349.0,1285.551,3,0,3,3,0,0,2.0,2.0,0
10500,350.0,1400.743,3,0,3,3,0,0,1.0,1.0,0
10530,351.0,1570.213,3,0,3,3,0,0,1.0,1.0,0
10560,352.0,1383.171,3,0,3,3,0,0,1.0,1.0,0
10590,353.0,1157.354,3,0,3,3,0,0,1.0,1.0,0
10620,354.0,954.145,3,0,3,3,0,0,1.0,1.0,0
10650,355.0,936.27,3,0,3,3,0,0,1.0,1.0,0
10680,356.0,930.803,3,0,3,3,0,0,1.0,1.0,0
10710,357.0,841.316,3,0,3,3,0,0,1.0,1.0,0
10740,358.0,707.169,3,0,3,3,0,0,1.0,1.0,0
10770,359.0,625.081,3,0,3,3,0,0,1.0,1.0,0
10800,360.0,701.46,3,0,3,3,0,0,1.0,1.0,0
10830,361.0,748.653,3,0,3,3,0,0,1.0,1.0,0
10860,362.0,762.739,3,0,3,3,0,0,1.0,1.0,0
10890,363.0,627.828,3,0,3,3,0,0,1.0,1.0,0
10920,364.0,645.738,3,0,3,3,0,0,1.0,1.0,0
10950,365.0,752.823,3,0,3,3,0,0,1.0,1.0,0
10980,366.0,587.526,3,0,3,3,0,0,1.0,1.0,0
11010,367.0,654.509,3,0,3,3,0,0,1.0,1.0,0
11040,368.0,541.835,3,0,3,3,0,0,1.0,1.0,0
11070,369.0,992.842,3,0,3,3,0,0,1.0,1.0,0
11100,370.0,889.48,3,0,3,3,0,0,1.0,1.0,0
11130,371.0,802.986,3,0,3,3,0,0,1.0,1.0,0
11160,372.0,706.938,3,0,3,3,0,0,1.0,1.0,0
11190,373.0,808.321,2,0,2,2,0,0,1.0,1.0,0
11220,374.0,676.018,3,0,3,3,0,0,1.1765,1.1765,0
11250,375.0,767.235,3,0,3,3,0,0,1.0,1.0,0
11280,376.0,569.095,3,0,3,3,0,0,1.0,1.0,0
11310,377.0,566.073,3,0,3,3,0,0,1.0,1.0,0
11340,378.0,695.039,3,0,3,3,0,0,1.0,1.0,0
11370,379.0,652.425,3,0,3,3,0,0,1.0,1.0,0
11400,380.0,666.639,3,0,3,3,0,0,1.0,1.0,0
11430,381.0,557.702,3,0,3,3,0,0,1.1765,1.1765,0
11460,382.0,610.074,3,0,3,3,0,0,1.1765,1.1765,0
11490,383.0,699.554,3,0,3,3,0,0,1.1765,1.1765,0
11520,384.0,855.231,3,0,3,3,0,0,1.1765,1.1765,0
11550,385.0,793.26,3,0,3,3,0,0,1.1765,1.1765,0
11580,386.0,767.108,3,0,3,3,0,0,1.1765,1.1765,0
11610,387.0,758.114,3,0,3,3,0,0,1.1765,1.1765,0
11640,388.0,681.599,3,0,3,3,0,0,1.1765,1.1765,0
11670,389.0,645.28,3,0,3,3,0,0,1.1765,1.1765,0
11700,390.0,505.812,3,0,3,3,0,0,1.1765,1.1765,0
11730,391.0,484.841,3,0,3,3,0,0,1.1765,1.1765,0
11760,392.0,472.35,3,0,3,3,0,0,1.1765,1.1765,0
11790,393.0,476.695,3,0,3,3,0,0,1.1765,1.1765,0
11820,394.0,475.478,3,0,3,3,0,0,1.1765,1.1765,0
11850,395.0,480.312,3,0,3,3,0,0,1.1765,1.1765,0
11880,396.0,482.194,3,0,3,3,0,0,1.1765,1.1765,0
11910,397.0,473.422,3,0,3,3,0,0,1.1765,1.1765,0
11940,398.0,480.041,3,0,3,3,0,0,1.1765,1.1765,0
11970,399.0,470.651,3,0,3,3,0,0,1.1765,1.1765,0
12000,400.0,461.854,3,0,3,3,0,0,1.1765,1.1765,0
12030,401.0,465.925,3,0,3,3,0,0,1.1765,1.1765,0
12060,402.0,477.69,3,0,3,3,0,0,1.1765,1.1765,0
12090,403.0,474.465,3,0,3,3,0,0,1.1765,1.1765,0
12120,404.0,475.411,3,0,3,3,0,0,1.1765,1.1765,0
12150,405.0,465.05,3,0,3,3,0,0,1.1765,1.1765,0
12180,406.0,469.603,3,0,3,3,0,0,1.1765,1.1765,0
12210,407.0,467.367,3,0,3,3,0,0,1.1765,1.1765,0
12240,408.0,475.915,3,0,3,3,0,0,1.1765,1.1765,0
12270,409.0,464.895,3,0,3,3,0,0,1.1765,1.1765,0
12300,410.0,505.049,3,0,3,3,0,0,1.1765,1.1765,0
12330,411.0,474.352,3,0,3,3,0,0,1.1765,1.1765,0
12360,412.0,722.385,3,0,3,3,0,0,1.1765,1.1765,0
12390,413.0,1198.267,3,0,3,3,0,0,1.1765,1.1765,0
12420,414.0,1244.817,3,0,3,3,0,0,1.1765,1.1765,0
12450,415.0,858.228,3,0,3,3,0,0,1.1765,1.1765,0
12480,416.0,951.235,3,0,3,3,0,0,1.1765,1.1765,0
12510,417.0,739.508,3,0,3,3,0,0,1.1765,1.1765,0
12540,418.0,601.048,3,0,3,3,0,0,1.1765,1.1765,0
12570,419.0,703.129,3,0,3,3,0,0,1.1765,1.1765,0
12600,420.0,709.752,3,0,3,3,0,0,1.1765,1.1765,0
12630,421.0,623.155,3,0,3,3,0,0,1.1765,1.1765,0
12660,422.0,551.723,3,0,3,3,0,0,1.1765,1.1765,0
12690,423.0,545.914,3,0,3,3,0,0,1.1765,1.1765,0
12720,424.0,587.237,3,0,3,3,0,0,1.1765,1.1765,0
12750,425.0,604.0,3,0,3,3,0,0,1.1765,1.1765,0
12780,426.0,900.683,3,0,3,3,0,0,1.1765,1.1765,0
12810,427.0,713.878,3,0,3,3,0,0,1.1765,1.1765,0
12840,428.0,668.627,3,0,3,3,0,0,1.1765,1.1765,0
12870,429.0,731.989,3,0,3,3,0,0,1.1765,1.1765,0
12900,430.0,799.688,3,0,3,3,0,0,1.1765,1.1765,0
12930,431.0,1218.461,3,0,3,3,0,0,1.1765,1.1765,0
12960,432.0,1608.743,3,0,3,3,0,0,1.1765,1.1765,0
12990,433.0,803.547,3,0,3,3,0,0,1.0,1.0,0
13020,434.0,706.919,3,0,3,3,0,0,1.0,1.0,0
13050,435.0,658.531,3,0,3,3,0,0,1.0,1.0,0
13080,436.0,734.651,3,0,3,3,0,0,1.0,1.0,0
13110,437.0,574.698,3,0,3,3,0,0,1.0,1.0,0
13140,438.0,1616.766,3,0,3,3,0,0,1.0,1.0,0
13170,439.0,1034.41,3,0,3,3,0,0,1.0,1.0,0
13200,440.0,858.986,3,0,3,3,0,0,1.0,1.0,0
13230,441.0,1429.612,3,0,3,3,0,0,1.0,1.0,0
13260,442.0,1094.088,3,0,3,3,0,0,1.0,1.0,0
13290,443.0,764.922,3,0,3,3,0,0,1.0,1.0,0
13320,444.0,669.059,3,0,3,3,0,0,1.0,1.0,0
13350,445.0,667.471,3,0,3,3,0,0,1.0,1.0,0
13380,446.0,631.383,3,0,3,3,0,0,1.0,1.0,0
13410,447.0,663.65,3,0,3,3,0,0,1.0,1.0,0
13440,448.0,508.057,3,0,3,3,0,0,1.0,1.0,0
13470,449.0,605.569,3,0,3,3,0,0,1.0,1.0,0
13500,450.0,597.974,3,0,3,3,0,0,1.0,1.0,0
13530,451.0,526.453,3,0,3,3,0,0,1.0,1.0,0
13560,452.0,558.041,3,0,3,3,0,0,1.0,1.0,0
13590,453.0,611.209,3,0,3,3,0,0,1.0,1.0,0
13620,454.0,689.586,3,0,3,3,0,0,1.0,1.0,0
13650,455.0,614.538,3,0,3,3,0,0,1.0,1.0,0
13680,456.0,537.141,3,0,3,3,0,0,1.0,1.0,0
13710,457.0,684.015,3,0,3,3,0,0,1.0,1.0,0
13740,458.0,902.882,3,0,3,3,0,0,1.0,1.0,0
13770,459.0,955.076,3,0,3,3,0,0,1.0,1.0,0
13800,460.0,1363.096,3,0,3,3,0,0,1.0,1.0,0
13830,461.0,1168.534,3,0,3,3,0,0,1.0,1.0,0
13860,462.0,796.939,3,0,3,3,0,0,1.0,1.0,0
13890,463.0,788.994,3,0,3,3,0,0,1.0,1.0,0
13920,464.0,617.149,3,0,3,3,0,0,1.0,1.0,0
13950,465.0,720.139,3,0,3,3,0,0,1.0,1.0,0
13980,466.0,660.438,3,0,3,3,0,0,1.0,1.0,0
14010,467.0,601.353,3,0,3,3,0,0,1.0,1.0,0
14040,468.0,556.209,3,0,3,3,0,0,1.0,1.0,0
14070,469.0,644.833,3,0,3,3,0,0,1.0,1.0,0
14100,470.0,564.683,3,0,3,3,0,0,1.0,1.0,0
14130,471.0,561.459,3,0,3,3,0,0,1.0,1.0,0
14160,472.0,679.214,3,0,3,3,0,0,1.0,1.0,0
14190,473.0,658.119,3,0,3,3,0,0,1.0,1.0,0
14220,474.0,688.65,3,0,3,3,0,0,1.0,1.0,0
14250,475.0,546.956,3,0,3,3,0,0,2.0,2.0,0
14280,476.0,652.963,3,0,3,3,0,0,1.1765,1.1765,0
14310,477.0,719.984,3,0,3,3,0,0,1.1765,1.1765,0
14340,478.0,777.238,3,0,3,3,0,0,1.1765,1.1765,0
14370,479.0,577.353,3,0,3,3,0,0,1.1765,1.1765,0
14400,480.0,530.921,3,0,3,3,0,0,1.1765,1.1765,0
14430,481.0,659.41,3,0,3,3,0,0,2.0,2.0,0
14460,482.0,806.294,3,0,3,3,0,0,1.1765,1.1765,0
14490,483.0,885.782,2,0,2,2,0,0,1.0,1.0,0
14520,484.0,595.396,3,0,3,3,0,0,1.0,1.0,0
14550,485.0,490.815,3,0,3,3,0,0,1.0,1.0,0
14580,486.0,681.604,3,0,3,3,0,0,1.0,1.0,0
14610,487.0,679.695,3,0,3,3,0,0,1.0,1.0,0
14640,488.0,660.563,3,0,3,3,0,0,1.0,1.0,0
14670,489.0,546.528,3,0,3,3,0,0,1.0,1.0,0
14700,490.0,721.306,3,0,3,3,0,0,1.0,1.0,0
14730,491.0,618.232,3,0,3,3,0,0,1.0,1.0,0
14760,492.0,599.003,3,0,3,3,0,0,1.0,1.0,0
14790,493.0,706.958,3,0,3,3,0,0,1.0,1.0,0
14820,494.0,668.268,4,0,4,4,0,0,1.0,1.0,0
14850,495.0,802.374,3,0,3,3,0,0,1.0,1.0,0
14880,496.0,1099.584,3,0,3,3,0,0,1.0,1.0,0
14910,497.0,924.585,3,0,3,3,0,0,1.0,1.0,0
14940,498.0,819.634,4,0,4,4,0,0,1.0,1.0,0
14970,499.0,649.404,3,0,3,3,0,0,1.0,1.0,0
15000,500.0,661.409,3,0,3,3,0,0,1.0,1.0,0
15030,501.0,651.703,3,0,3,3,0,0,1.0,1.0,0
15060,502.0,654.444,3,0,3,3,0,0,1.0,1.0,0
15090,503.0,703.18,3,0,3,3,0,0,1.0,1.0,0
15120,504.0,582.103,3,0,3,3,0,0,1.0,1.0,0
15150,505.0,578.459,3,0,3,3,0,0,1.0,1.0,0
15180,506.0,504.518,3,0,3,3,0,0,1.0,1.0,0
15210,507.0,693.39,3,0,3,3,0,0,1.0,1.0,0
15240,508.0,684.046,3,0,3,3,0,0,1.0,1.0,0
15270,509.0,720.341,3,0,3,3,0,0,1.0,1.0,0
15300,510.0,679.822,3,0,3,3,0,0,1.0,1.0,0
15330,511.0,784.379,3,0,3,3,0,0,1.0,1.0,0
15360,512.0,597.284,3,0,3,3,0,0,1.0,1.0,0
15390,513.0,636.896,3,0,3,3,0,0,1.0,1.0,0
15420,514.0,731.571,3,0,3,3,0,0,1.0,1.0,0
15450,515.0,728.78,3,0,3,3,0,0,1.0,1.0,0
15480,516.0,759.756,3,0,3,3,0,0,1.0,1.0,0
15510,517.0,602.709,3,0,3,3,0,0,1.0,1.0,0
15540,518.0,734.034,2,0,2,2,0,0,1.0,1.0,0
15570,519.0,708.221,1,0,1,1,0,0,1.0,1.0,0
15600,520.0,784.243,1,0,1,1,0,0,1.0,1.0,0
15630,521.0,623.817,1,0,1,1,0,0,1.0,1.0,0
15660,522.0,557.384,1,0,1,1,0,0,1.0,1.0,0
15690,523.0,720.573,3,0,3,3,0,0,1.0,1.0,0
15720,524.0,700.259,3,0,3,3,0,0,1.0,1.0,0
15750,525.0,728.855,3,0,3,3,0,0,1.0,1.0,0
15780,526.0,572.107,3,0,3,3,0,0,1.0,1.0,0
15810,527.0,553.871,3,0,3,3,0,0,1.0,1.0,0
15840,528.0,704.312,3,0,3,3,0,0,1.0,1.0,0
15870,529.0,709.876,3,0,3,3,0,0,1.0,1.0,0
15900,530.0,763.551,3,0,3,3,0,0,1.0,1.0,0
15930,531.0,552.03,3,0,3,3,0,0,1.0,1.0,0
15960,532.0,926.908,3,0,3,3,0,0,1.0,1.0,0
15990,533.0,806.972,3,0,3,3,0,0,1.0,1.0,0
16020,534.0,924.164,3,0,3,3,0,0,1.0,1.0,0
16050,535.0,713.873,3,0,3,3,0,0,1.0,1.0,0
16080,536.0,698.541,3,0,3,3,0,0,1.0,1.0,0
16110,537.0,550.508,3,0,3,3,0,0,1.0,1.0,0
16140,538.0,536.731,3,0,3,3,0,0,1.0,1.0,0
16170,539.0,530.233,3,0,3,3,0,0,1.0,1.0,0
16200,540.0,541.492,3,0,3,3,0,0,1.0,1.0,0
16230,541.0,521.95,3,0,3,3,0,0,1.0,1.0,0
16260,542.0,538.483,3,0,3,3,0,0,1.0,1.0,0
16290,543.0,530.353,3,0,3,3,0,0,1.0,1.0,0
16320,544.0,523.517,3,0,3,3,0,0,1.0,1.0,0
16350,545.0,537.821,3,0,3,3,0,0,1.0,1.0,0
16380,546.0,531.875,3,0,3,3,0,0,1.0,1.0,0
16410,547.0,529.37,3,0,3,3,0,0,1.0,1.0,0
16440,548.0,532.648,3,0,3,3,0,0,1.0,1.0,0
16470,549.0,525.692,3,0,3,3,0,0,1.0,1.0,0
16500,550.0,533.634,3,0,3,3,0,0,1.0,1.0,0
16530,551.0,526.82,3,0,3,3,0,0,1.0,1.0,0
16560,552.0,524.924,3,0,3,3,0,0,1.0,1.0,0
16590,553.0,521.865,3,0,3,3,0,0,1.0,1.0,0
16620,554.0,524.189,3,0,3,3,0,0,1.0,1.0,0
16650,555.0,520.464,3,0,3,3,0,0,1.0,1.0,0
16680,556.0,532.504,3,0,3,3,0,0,1.0,1.0,0
16710,557.0,516.441,3,0,3,3,0,0,1.0,1.0,0
16740,558.0,521.66,3,0,3,3,0,0,1.0,1.0,0
16770,559.0,531.633,3,0,3,3,0,0,1.0,1.0,0
16800,560.0,660.368,3,0,3,3,0,0,1.0,1.0,0
16830,561.0,586.406,3,0,3,3,0,0,1.0,1.0,0
16860,562.0,565.736,3,0,3,3,0,0,1.0,1.0,0
16890,563.0,549.338,3,0,3,3,0,0,1.0,1.0,0
16920,564.0,585.393,3,0,3,3,0,0,1.0,1.0,0
16950,565.0,597.08,3,0,3,3,0,0,1.0,1.0,0
16980,566.0,565.163,3,0,3,3,0,0,1.0,1.0,0
17010,567.0,591.688,3,0,3,3,0,0,1.0,1.0,0
17040,568.0,623.49,3,0,3,3,0,0,2.0,2.0,0
17070,569.0,606.889,3,0,3,3,0,0,1.0,1.0,0
17100,570.0,551.261,3,0,3,3,0,0,1.0,1.0,0
17130,571.0,552.204,3,0,3,3,0,0,1.0,1.0,0
17160,572.0,531.723,3,0,3,3,0,0,1.0,1.0,0
17190,573.0,547.38,3,0,3,3,0,0,1.0,1.0,0
17220,574.0,536.215,3,0,3,3,0,0,1.1765,1.1765,0
17250,575.0,535.821,3,0,3,3,0,0,1.1765,1.1765,0
17280,576.0,747.615,3,0,3,3,0,0,1.1765,1.1765,0
17310,577.0,742.744,3,0,3,3,0,0,1.1765,1.1765,0
17340,578.0,765.588,3,0,3,3,0,0,1.1765,1.1765,0
17370,579.0,626.073,3,0,3,3,0,0,1.1765,1.1765,0
17400,580.0,596.656,3,0,3,3,0,0,1.1765,1.1765,0
17430,581.0,550.692,3,0,3,3,0,0,1.1765,1.1765,0
17460,582.0,528.094,3,0,3,3,0,0,1.1765,1.1765,0
17490,583.0,532.415,3,0,3,3,0,0,1.1765,1.1765,0
17520,584.0,529.016,3,0,3,3,0,0,2.0,2.0,0
17550,585.0,531.199,2,0,2,2,0,0,1.1765,1.1765,0
17580,586.0,545.239,2,0,2,2,0,0,1.0,1.0,0
17610,587.0,541.902,3,0,3,3,0,0,1.0,1.0,0
17640,588.0,552.02,3,0,3,3,0,0,1.0,1.0,0
17670,589.0,553.482,3,0,3,3,0,0,1.0,1.0,0
17700,590.0,544.35,3,0,3,3,0,0,2.0,2.0,0
17730,591.0,542.558,3,0,3,3,0,0,1.0,1.0,0
17760,592.0,554.012,3,0,3,3,0,0,2.0,2.0,0
17790,593.0,565.035,3,0,3,3,0,0,2.0,2.0,0
17820,594.0,557.138,3,0,3,3,0,0,2.0,2.0,0
17850,595.0,568.442,3,0,3,3,0,0,1.0,1.0,0
17880,596.0,548.459,3,0,3,3,0,0,1.0,1.0,0
17910,597.0,530.315,3,0,3,3,0,0,1.0,1.0,0
17940,598.0,536.904,2,0,2,2,0,0,1.0,1.0,0
17970,599.0,566.817,3,0,3,3,0,0,1.0,1.0,0
18000,600.0,528.985,3,0,3,3,0,0,2.0,2.0,0
18030,601.0,530.222,3,0,3,3,0,0,1.0,1.0,0
18060,602.0,528.249,3,0,3,3,0,0,2.0,2.0,0
18090,603.0,530.179,3,0,3,3,0,0,1.0,1.0,0
18120,604.0,534.562,3,0,3,3,0,0,1.0,1.0,0
18150,605.0,525.601,3,0,3,3,0,0,1.0,1.0,0
18180,606.0,538.258,3,0,3,3,0,0,2.0,2.0,0
18210,607.0,523.653,3,0,3,3,0,0,1.0,1.0,0
18240,608.0,539.105,3,0,3,3,0,0,1.0,1.0,0
18270,609.0,529.689,3,0,3,3,0,0,1.0,1.0,0
18300,610.0,523.668,3,0,3,3,0,0,1.0,1.0,0
18330,611.0,521.746,3,0,3,3,0,0,1.0,1.0,0
18360,612.0,533.797,3,0,3,3,0,0,1.0,1.0,0
18390,613.0,518.71,3,0,3,3,0,0,1.0,1.0,0
18420,614.0,534.361,3,0,3,3,0,0,1.0,1.0,0
18450,615.0,521.826,3,0,3,3,0,0,1.0,1.0,0
18480,616.0,520.556,3,0,3,3,0,0,1.0,1.0,0
18510,617.0,536.823,3,0,3,3,0,0,2.0,2.0,0
18540,618.0,528.736,3,0,3,3,0,0,2.0,2.0,0
18570,619.0,528.412,3,0,3,3,0,0,2.0,2.0,0
18600,620.0,542.801,3,0,2,2,1,1,2.0,2.0,0
18630,621.0,707.528,3,0,0,1,3,2,0.0,1.0,1
18660,622.0,716.158,3,0,0,0,3,3,0.0,0.0,0
18690,623.0,797.116,3,0,0,0,3,3,0.0,0.0,0
18720,624.0,637.181,3,0,0,0,3,3,0.0,0.0,0
18750,625.0,647.749,3,0,0,0,3,3,0.0,0.0,0
18780,626.0,559.055,3,0,0,0,3,3,0.0,0.0,0
18810,627.0,555.573,3,0,0,0,3,3,0.0,0.0,0
18840,628.0,555.26,3,0,0,0,3,3,0.0,0.0,0
18870,629.0,542.549,3,0,0,0,3,3,0.0,0.0,0
